[
  {
    "name": "ali",
    "email": "ali@gmail.com",
    "id": 2
  },
  {
    "name": "aleena",
    "email": "aleena@gmail.com",
    "id": 3
  },
  {
    "name": "hiba",
    "email": "hiba@gmail.com",
    "id": 4
  },
  {
    "name": "areeba",
    "email": "areeba@gmail.com",
    "id": 5
  },
  {
    "name": "minahil",
    "email": "minahil@gmail.com",
    "id": 6
  },
  {
    "name": "sajeela",
    "email": "sajeela@gmail.com",
    "id": 7
  },
  {
    "name": "omama",
    "email": "omama@gmail.com",
    "id": 8
  }
]